{
  "development": {
    "username": "root",
    "password": "",
    "database": "eventapp",
    "host": "localhost",
    "dialect": "mysql",
    "timezone": "America/New_York"
  },
  "test": {
    "username": "root",
    "password": "",
    "database": "eventapp",
    "host": "localhost",
    "dialect": "mysql",
    "timezone": "America/New_York"
  },
  "production": {
    "username": "root",
    "password": "",
    "database": "eventapp",
    "host": "localhost",
    "dialect": "mysql",
    "timezone": "America/New_York"
  }
}
